country,avg_homeless
World,1467236.7355371923
China,707296.0217391306
India,405211.3604651163
Bangladesh,197766.1643835616
Pakistan,151052.265625
Vietnam,97401.12244897956
Sri Lanka,90401.29999999999
Philippines,78555.27710843376
North Korea,53426.125
Sudan,50011.875
