country,avg_injuries
World,63384.58677685945
Peru,29251.32352941175
China,18359.684782608714
Bangladesh,14659.71232876713
Haiti,6535.354166666669
Indonesia,5947.052631578943
Japan,4006.1237113402044
Pakistan,2978.78125
India,2888.8604651162805
Iran,2486.9599999999996
