country,avg_deaths
World,188581.64462809917
China,119129.71739130428
Soviet Union,59004.173913043494
India,53342.91860465116
Bangladesh,35489.87671232878
Ethiopia,10118.349999999999
Haiti,5059.166666666668
Cape Verde,5002.588235294117
Sudan,4733.90625
Myanmar,3336.8181818181824
